SKU,Part #
P-201-CAN,P-201
P-200-CAN,P-200
S-414T-CAN,S-414T
P-203-CAN,P-203
P-210H-CAN,P-210H
S-203T-CAN,S-203T
S-406T,S-406T
S-401-CAN,S-401
S-411T-CAN,S-411T
S-417T-CAN,S-417T
"
K-145N-CAN",K-145N
S-403-CAN,S-403
P-220-CAN,P-220
S-200T-CAN,S-200T
P-204-CAN,P-204
P-208-CAN,P-208
P-223W-CAN,P-223W
"
P-209H-CAN",P-209H
S-408T-CAN,S-408T
K-145G-CAN,K-145G
S-320T-CAN,S-320T
S-304XG-CAN,S-304XG
P-221-CAN,P-221
C122,C122
"
K-145S-CAN",K-145S
K-142N-CAN,K-142N
S-306XG-CAN,S-306XG
S-401G-CAN,S-401G
S-402-CAN,S-402
P-206-CAN,P-206
S-202XTG-CAN,S-202XTG
S-325XG-CAN,S-325XG
S-414TG-CAN,S-414TG
S-403G-CAN,S-403G
P-227H,P-227H
S-230W,S-230W
S-127W,S-127W
"
P-224-CAN",P-224
K-131S-CAN,K-131S
S-405T-CAN,S-405T
S-304TG-CAN,S-304TG
S-409T,S-409T
S-406TG,S-406TG
"
P-228N-CAN",P-228N
P-207-CAN,P-207
K-142S-CAN,K-142S
S-312XG-CAN,S-312XG
S-308XG-CAN,S-308XG
"
P-226H-CAN",P-226H
S-307XG-CAN,S-307XG
C227-CAN,C227
S-131W,S-131W
S-323XG-CAN,S-323XG
S-306TG-CAN,S-306TG
S-300XG-CAN,S-300XG
S-301XG-CAN,S-301XG
P-222-CAN,P-222
A-918KIT,A-918KIT
"
K-135N-CAN",K-135N
B-112C,B-112C
K-131SR,K-131SR
C132,C132
C233-CAN,C233
K-131NR,K-131NR
K-131GR,K-131GR
C432L-CAN,C432L
P-205-CAN,P-205
K-150SM-CAN,K-150SM
"
K-140S-CAN",K-140S
S-425T-CAN,S-425T
S-833WN-CAN,S-833WN
"
S-833WH-CAN",S-833WH
"
S-832WN-CAN",S-832WN
"
S-832WH-CAN",S-832WH
S-831WN,S-831WN
S-828WN-CAN,S-828WN
"
S-828WH-CAN",S-828WH
S-827N-CAN,S-827N
"
S-827H-CAN",S-827H
"
P-228H-CAN",P-228H
S-628W,S-628W
S-831WH,S-831WH
S-827L,S-827L
S-825H.,S-825H
"
S-822N-CAN",S-822N
"
S-822H-CAN",S-822H
"
S-816N-CAN",S-816N
"
S-816H-CAN",S-816H
"
S-627W-CAN",S-627W
S-613W-CAN,S-613W
S-611W-CAN,S-611W
S-601WN-CAN,S-601WN
S-601W-CAN,S-601W
