SKU,FBA
S-833WN,Yes
S-833WH,Yes
S-832WN,Yes
S-832WH,Yes
S-831WN,Yes
S-831WH,Yes
S-828WN,Yes
S-828WH,Yes
S-827N,Yes
S-827L,Yes
S-827H,Yes
S-825H,Yes
S-822N,Yes
S-822H,Yes
S-816N,Yes
S-816H,Yes
S-628W,Yes
S-627W,Yes
S-613W,Yes
S-611W,Yes
S-601WN,Yes
S-601W,Yes
S-417T,Yes
S-414TG,Yes
S-414T,Yes
S-411T,Yes
S-409T,Yes
S-408T,Yes
S-406TG,Yes
S-406T,Yes
S-405T,Yes
S-403G,Yes
S-403,Yes
S-402,Yes
S-401G,Yes
S-401,Yes
S-325XG,Yes
S-323XG,Yes
S-320T,Yes
S-312XG,Yes
S-308XG,Yes
S-306XG,Yes
S-306TG,Yes
S-304XG,Yes
S-304TG,Yes
S-301XG,Yes
S-230W,Yes
S-203T,Yes
S-202XTG,Yes
S-200T,Yes
S-131W,Yes
S-127W,Yes
P-228N,Yes
P-228H,Yes
P-227H,Yes
P-226H,Yes
P-224,Yes
P-223W,Yes
P-222,Yes
P-221,Yes
P-220,Yes
P-210H,Yes
P-209H,Yes
P-208,Yes
P-207,Yes
P-206,Yes
P-205,Yes
P-204,Yes
P-203,Yes
P-201,Yes
P-200,Yes
K-150SM,Yes
K-145S,Yes
K-145N,Yes
K-145G,Yes
K-142S,Yes
K-142N,Yes
K-140S,Yes
K-135N,Yes
K-131SR,Yes
K-131NR,Yes
K-131GR,Yes
C432L,Yes
C233,Yes
C227,Yes
C132,Yes
C122,Yes
B-112C,Yes
S-425T,Yes
